Username,Timestamp,IP Address
new,2025-01-26 23:05:14,127.0.0.1
new,2025-01-26 23:05:15,127.0.0.1
new,2025-01-26 23:06:14,127.0.0.1
aakash,2025-01-28 15:04:46,127.0.0.1
mahi,2025-02-03 14:17:49,127.0.0.1
mahi,2025-02-03 14:18:46,127.0.0.1
mahi,2025-02-03 14:18:56,127.0.0.1
mahi,2025-02-03 14:19:45,127.0.0.1
hello,2025-02-03 14:21:36,127.0.0.1
mahi,2025-02-03 14:21:46,127.0.0.1
reverieua36kaleidoscope98@gmail.com,2025-02-04 03:47:35,127.0.0.1
sukhesh_029,2025-02-12 20:30:14,127.0.0.1
